flowCode,reporterCode,reporterISO,partnerCode,partnerISO,cmdCode,cmdDesc,qtyUnitAbbr,qty,fobvalue
X,566,NGA,0,W00,1001,Wheat and meslin,N/A,0.0,6363.483
X,566,NGA,528,NLD,1001,Wheat and meslin,N/A,0.0,6363.483
X,566,NGA,0,W00,1005,Maize (corn),kg,210800.0,168790.987
X,566,NGA,288,GHA,1005,Maize (corn),kg,150000.0,92794.566
X,566,NGA,324,GIN,1005,Maize (corn),kg,11000.0,22124.686
X,566,NGA,826,GBR,1005,Maize (corn),kg,15800.0,45362.413
X,566,NGA,842,USA,1005,Maize (corn),kg,34000.0,8509.322
X,566,NGA,0,W00,1006,Rice,kg,224000.0,146865.79
X,566,NGA,624,GNB,1006,Rice,kg,224000.0,146865.79
X,566,NGA,0,W00,1007,Grain sorghum,kg,14000.0,14231.86
X,566,NGA,554,NZL,1007,Grain sorghum,kg,14000.0,14231.86
X,566,NGA,0,W00,1008,"Buckwheat, millet and canary seeds; other cereals",kg,1193411.7,3611872.436
X,566,NGA,288,GHA,1008,"Buckwheat, millet and canary seeds; other cereals",kg,256606.7,1310884.6
X,566,NGA,384,CIV,1008,"Buckwheat, millet and canary seeds; other cereals",kg,676805.0,1311179.128
X,566,NGA,528,NLD,1008,"Buckwheat, millet and canary seeds; other cereals",kg,260000.0,989808.709
X,566,NGA,0,W00,1404,Vegetable products not elsewhere specified or included,kg,23500.0,1118.293
X,566,NGA,784,ARE,1404,Vegetable products not elsewhere specified or included,kg,23500.0,1118.293
X,566,NGA,0,W00,2002,Tomatoes; prepared or preserved otherwise than by vinegar or acetic acid,kg,6884.0,4146.646
X,566,NGA,826,GBR,2002,Tomatoes; prepared or preserved otherwise than by vinegar or acetic acid,kg,6884.0,4146.646
X,566,NGA,0,W00,2006,"Vegetables, fruit, nuts, fruit-peel and other parts of plants, preserved by sugar (drained, glace or crystallised)",kg,12000.0,13705.044
X,566,NGA,276,DEU,2006,"Vegetables, fruit, nuts, fruit-peel and other parts of plants, preserved by sugar (drained, glace or crystallised)",kg,12000.0,13705.044
X,566,NGA,0,W00,2008,"Fruit, nuts and other edible parts of plants; prepared or preserved in ways n.e.c., whether or not containing added sugar or other sweetening matter or spirit, not elsewhere specified or included",kg,174300.96,135994.077
X,566,NGA,288,GHA,2008,"Fruit, nuts and other edible parts of plants; prepared or preserved in ways n.e.c., whether or not containing added sugar or other sweetening matter or spirit, not elsewhere specified or included",kg,5160.96,4607.208
X,566,NGA,768,TGO,2008,"Fruit, nuts and other edible parts of plants; prepared or preserved in ways n.e.c., whether or not containing added sugar or other sweetening matter or spirit, not elsewhere specified or included",kg,121440.0,109947.604
X,566,NGA,826,GBR,2008,"Fruit, nuts and other edible parts of plants; prepared or preserved in ways n.e.c., whether or not containing added sugar or other sweetening matter or spirit, not elsewhere specified or included",kg,32200.0,11866.763
X,566,NGA,842,USA,2008,"Fruit, nuts and other edible parts of plants; prepared or preserved in ways n.e.c., whether or not containing added sugar or other sweetening matter or spirit, not elsewhere specified or included",kg,15500.0,9572.502
X,566,NGA,0,W00,2009,"Fruit juices (including grape must) and vegetable juices, unfermented, not containing added spirit; whether or not containing added sugar or other sweetening matter",N/A,0.0,819040.919
X,566,NGA,270,GMB,2009,"Fruit juices (including grape must) and vegetable juices, unfermented, not containing added spirit; whether or not containing added sugar or other sweetening matter",kg,20910.0,12850.757
X,566,NGA,288,GHA,2009,"Fruit juices (including grape must) and vegetable juices, unfermented, not containing added spirit; whether or not containing added sugar or other sweetening matter",kg,197400.0,184312.47
X,566,NGA,430,LBR,2009,"Fruit juices (including grape must) and vegetable juices, unfermented, not containing added spirit; whether or not containing added sugar or other sweetening matter",kg,60640.0,46529.283
X,566,NGA,768,TGO,2009,"Fruit juices (including grape must) and vegetable juices, unfermented, not containing added spirit; whether or not containing added sugar or other sweetening matter",N/A,0.0,569280.096
X,566,NGA,842,USA,2009,"Fruit juices (including grape must) and vegetable juices, unfermented, not containing added spirit; whether or not containing added sugar or other sweetening matter",kg,11050.0,6068.314
X,566,NGA,0,W00,2505,"Sands of all kinds; natural, whether or not coloured, other than metal-bearing sands of chapter 26",kg,3189000.0,338201.344
X,566,NGA,156,CHN,2505,"Sands of all kinds; natural, whether or not coloured, other than metal-bearing sands of chapter 26",kg,3189000.0,338201.344
X,566,NGA,0,W00,2506,"Quartz; (other than natural sands), quartzite, whether or not roughly trimmed or merely cut, by sawing or otherwise, into blocks or slabs of a rectangular (including square) shape",kg,878132.0,257899.101
X,566,NGA,156,CHN,2506,"Quartz; (other than natural sands), quartzite, whether or not roughly trimmed or merely cut, by sawing or otherwise, into blocks or slabs of a rectangular (including square) shape",kg,878132.0,257899.101
X,566,NGA,0,W00,2507,Kaolin and other kaolinic clays; whether or not calcined,kg,2456240.0,84604.964
X,566,NGA,156,CHN,2507,Kaolin and other kaolinic clays; whether or not calcined,kg,300000.0,30260.808
X,566,NGA,226,GNQ,2507,Kaolin and other kaolinic clays; whether or not calcined,kg,20040.0,1008.694
X,566,NGA,266,GAB,2507,Kaolin and other kaolinic clays; whether or not calcined,kg,2136200.0,53335.462
X,566,NGA,0,W00,2510,Natural calcium phosphates; natural aluminium calcium phosphates and phosphatic chalk,kg,270000.0,32681.673
X,566,NGA,156,CHN,2510,Natural calcium phosphates; natural aluminium calcium phosphates and phosphatic chalk,kg,270000.0,32681.673
X,566,NGA,0,W00,2515,"Marble, travertine, ecaussine and other calcareous stone; of an apparent specific gravity of less than 2.5, alabaster, whether cut by sawing etc, into blocks, slabs of a rectangular (square) shape",kg,1999400.0,211842.221
X,566,NGA,156,CHN,2515,"Marble, travertine, ecaussine and other calcareous stone; of an apparent specific gravity of less than 2.5, alabaster, whether cut by sawing etc, into blocks, slabs of a rectangular (square) shape",kg,1900100.0,186068.25
X,566,NGA,768,TGO,2515,"Marble, travertine, ecaussine and other calcareous stone; of an apparent specific gravity of less than 2.5, alabaster, whether cut by sawing etc, into blocks, slabs of a rectangular (square) shape",kg,99300.0,25773.972
X,566,NGA,0,W00,2516,"Granite, porphyry, basalt, sandstone, other monumental and building stone, whether or not roughly trimmed, cut, by sawing etc, into blocks or slabs of a rectangular (including square) shape",kg,2867900.0,218725.817
X,566,NGA,156,CHN,2516,"Granite, porphyry, basalt, sandstone, other monumental and building stone, whether or not roughly trimmed, cut, by sawing etc, into blocks or slabs of a rectangular (including square) shape",kg,2772200.0,187683.798
X,566,NGA,204,BEN,2516,"Granite, porphyry, basalt, sandstone, other monumental and building stone, whether or not roughly trimmed, cut, by sawing etc, into blocks or slabs of a rectangular (including square) shape",kg,45700.0,15385.101
X,566,NGA,768,TGO,2516,"Granite, porphyry, basalt, sandstone, other monumental and building stone, whether or not roughly trimmed, cut, by sawing etc, into blocks or slabs of a rectangular (including square) shape",kg,50000.0,15656.918
X,566,NGA,0,W00,2518,"Dolomite, whether or not calcined or sintered; including dolomite roughly trimmed, or merely cut by sawing or otherwise into blocks or slabs of rectangular (including square) shape; dolomite ramming mix",kg,355070.0,33988.238
X,566,NGA,288,GHA,2518,"Dolomite, whether or not calcined or sintered; including dolomite roughly trimmed, or merely cut by sawing or otherwise into blocks or slabs of rectangular (including square) shape; dolomite ramming mix",kg,25000.0,1427.609
X,566,NGA,324,GIN,2518,"Dolomite, whether or not calcined or sintered; including dolomite roughly trimmed, or merely cut by sawing or otherwise into blocks or slabs of rectangular (including square) shape; dolomite ramming mix",kg,330070.0,32560.63
X,566,NGA,0,W00,2520,"Gypsum; anhydrite; plasters (consisting of calcined gypsum or calcium sulphate), coloured or not, with or without small quantities of accelerators or retarders",kg,20100.0,2622.603
X,566,NGA,156,CHN,2520,"Gypsum; anhydrite; plasters (consisting of calcined gypsum or calcium sulphate), coloured or not, with or without small quantities of accelerators or retarders",kg,20100.0,2622.603
X,566,NGA,0,W00,2521,"Limestone flux; limestone and other calcareous stone, of a kind used for the manufacture of lime or cement",kg,108000.0,16340.837
X,566,NGA,156,CHN,2521,"Limestone flux; limestone and other calcareous stone, of a kind used for the manufacture of lime or cement",kg,108000.0,16340.837
X,566,NGA,0,W00,2523,"Portland cement, aluminous cement (ciment fondu), slag cement, supersulphate cement and similar hydraulic cements, whether or not coloured or in the form of clinkers",kg,823849000.0,66963405.028
X,566,NGA,120,CMR,2523,"Portland cement, aluminous cement (ciment fondu), slag cement, supersulphate cement and similar hydraulic cements, whether or not coloured or in the form of clinkers",kg,147156000.0,10579716.96
X,566,NGA,562,NER,2523,"Portland cement, aluminous cement (ciment fondu), slag cement, supersulphate cement and similar hydraulic cements, whether or not coloured or in the form of clinkers",kg,378680000.0,34925061.459
X,566,NGA,724,ESP,2523,"Portland cement, aluminous cement (ciment fondu), slag cement, supersulphate cement and similar hydraulic cements, whether or not coloured or in the form of clinkers",kg,1000000.0,88630.908
X,566,NGA,768,TGO,2523,"Portland cement, aluminous cement (ciment fondu), slag cement, supersulphate cement and similar hydraulic cements, whether or not coloured or in the form of clinkers",kg,297013000.0,21369995.701
X,566,NGA,0,W00,2525,"Mica, including splittings; mica waste",kg,11155124.0,1312716.98
X,566,NGA,156,CHN,2525,"Mica, including splittings; mica waste",kg,11155124.0,1312716.98
X,566,NGA,0,W00,2529,Feldspar; leucite; nepheline and nepheline syenite; fluorspar,kg,6845820.0,720924.144
X,566,NGA,156,CHN,2529,Feldspar; leucite; nepheline and nepheline syenite; fluorspar,kg,6228620.0,571560.601
X,566,NGA,360,IDN,2529,Feldspar; leucite; nepheline and nepheline syenite; fluorspar,kg,158200.0,26483.528
X,566,NGA,699,IND,2529,Feldspar; leucite; nepheline and nepheline syenite; fluorspar,kg,459000.0,122880.015
X,566,NGA,0,W00,2530,Mineral substances not elsewhere specified or included,kg,941120.0,238224.759
X,566,NGA,156,CHN,2530,Mineral substances not elsewhere specified or included,kg,935610.0,205436.056
X,566,NGA,842,USA,2530,Mineral substances not elsewhere specified or included,kg,5510.0,32788.704
X,566,NGA,0,W00,2701,"Coal; briquettes, ovoids and similar solid fuels manufactured from coal",kg,61982200.0,4207831.623
X,566,NGA,562,NER,2701,"Coal; briquettes, ovoids and similar solid fuels manufactured from coal",kg,61967000.0,4205612.497
X,566,NGA,710,ZAF,2701,"Coal; briquettes, ovoids and similar solid fuels manufactured from coal",kg,15200.0,2219.126
X,566,NGA,0,W00,2709,Petroleum oils and oils obtained from bituminous minerals; crude,N/A,0.0,35998144403.308
X,566,NGA,36,AUS,2709,Petroleum oils and oils obtained from bituminous minerals; crude,N/A,0.0,75243566.02
X,566,NGA,76,BRA,2709,Petroleum oils and oils obtained from bituminous minerals; crude,N/A,0.0,350275556.45
X,566,NGA,96,BRN,2709,Petroleum oils and oils obtained from bituminous minerals; crude,N/A,0.0,64499840.418
X,566,NGA,124,CAN,2709,Petroleum oils and oils obtained from bituminous minerals; crude,N/A,0.0,2109279862.036
X,566,NGA,152,CHL,2709,Petroleum oils and oils obtained from bituminous minerals; crude,N/A,0.0,37880881.806
X,566,NGA,156,CHN,2709,Petroleum oils and oils obtained from bituminous minerals; crude,N/A,0.0,595172624.853
X,566,NGA,208,DNK,2709,Petroleum oils and oils obtained from bituminous minerals; crude,N/A,0.0,168026083.34
X,566,NGA,251,FRA,2709,Petroleum oils and oils obtained from bituminous minerals; crude,N/A,0.0,2167750108.058
X,566,NGA,276,DEU,2709,Petroleum oils and oils obtained from bituminous minerals; crude,N/A,0.0,721171920.036
X,566,NGA,288,GHA,2709,Petroleum oils and oils obtained from bituminous minerals; crude,N/A,0.0,102523710.893
X,566,NGA,292,GIB,2709,Petroleum oils and oils obtained from bituminous minerals; crude,N/A,0.0,412838503.752
X,566,NGA,360,IDN,2709,Petroleum oils and oils obtained from bituminous minerals; crude,N/A,0.0,1789447371.28
X,566,NGA,376,ISR,2709,Petroleum oils and oils obtained from bituminous minerals; crude,N/A,0.0,86728964.399
X,566,NGA,380,ITA,2709,Petroleum oils and oils obtained from bituminous minerals; crude,N/A,0.0,1824330747.265
X,566,NGA,384,CIV,2709,Petroleum oils and oils obtained from bituminous minerals; crude,N/A,0.0,1276143500.371
X,566,NGA,410,KOR,2709,Petroleum oils and oils obtained from bituminous minerals; crude,N/A,0.0,140046020.841
X,566,NGA,458,MYS,2709,Petroleum oils and oils obtained from bituminous minerals; crude,N/A,0.0,149652170.929
X,566,NGA,490,S19,2709,Petroleum oils and oils obtained from bituminous minerals; crude,N/A,0.0,213820268.669
X,566,NGA,528,NLD,2709,Petroleum oils and oils obtained from bituminous minerals; crude,N/A,0.0,2572824983.287
X,566,NGA,604,PER,2709,Petroleum oils and oils obtained from bituminous minerals; crude,N/A,0.0,233567351.905
X,566,NGA,616,POL,2709,Petroleum oils and oils obtained from bituminous minerals; crude,N/A,0.0,659621205.913
X,566,NGA,620,PRT,2709,Petroleum oils and oils obtained from bituminous minerals; crude,N/A,0.0,906657869.794
X,566,NGA,686,SEN,2709,Petroleum oils and oils obtained from bituminous minerals; crude,N/A,0.0,555031503.638
X,566,NGA,699,IND,2709,Petroleum oils and oils obtained from bituminous minerals; crude,N/A,0.0,7156210997.083
X,566,NGA,702,SGP,2709,Petroleum oils and oils obtained from bituminous minerals; crude,N/A,0.0,859713338.114
X,566,NGA,704,VNM,2709,Petroleum oils and oils obtained from bituminous minerals; crude,N/A,0.0,65258217.203
X,566,NGA,710,ZAF,2709,Petroleum oils and oils obtained from bituminous minerals; crude,N/A,0.0,1548360267.988
X,566,NGA,724,ESP,2709,Petroleum oils and oils obtained from bituminous minerals; crude,N/A,0.0,4637349531.712
X,566,NGA,752,SWE,2709,Petroleum oils and oils obtained from bituminous minerals; crude,N/A,0.0,200655840.079
X,566,NGA,764,THA,2709,Petroleum oils and oils obtained from bituminous minerals; crude,N/A,0.0,130112116.99
X,566,NGA,768,TGO,2709,Petroleum oils and oils obtained from bituminous minerals; crude,N/A,0.0,412809697.533
X,566,NGA,784,ARE,2709,Petroleum oils and oils obtained from bituminous minerals; crude,N/A,0.0,32530665.446
X,566,NGA,792,TUR,2709,Petroleum oils and oils obtained from bituminous minerals; crude,N/A,0.0,518174930.167
X,566,NGA,826,GBR,2709,Petroleum oils and oils obtained from bituminous minerals; crude,N/A,0.0,1023817045.893
X,566,NGA,842,USA,2709,Petroleum oils and oils obtained from bituminous minerals; crude,N/A,0.0,1681615723.847
X,566,NGA,858,URY,2709,Petroleum oils and oils obtained from bituminous minerals; crude,N/A,0.0,327897324.496
X,566,NGA,899,_X ,2709,Petroleum oils and oils obtained from bituminous minerals; crude,N/A,0.0,191104090.802
X,566,NGA,0,W00,2710,"Petroleum oils and oils from bituminous minerals, not crude; preparations n.e.c, containing by weight 70% or more of petroleum oils or oils from bituminous minerals; these being the basic constituents of the preparations; waste oils",N/A,0.0,56237998.866
X,566,NGA,56,BEL,2710,"Petroleum oils and oils from bituminous minerals, not crude; preparations n.e.c, containing by weight 70% or more of petroleum oils or oils from bituminous minerals; these being the basic constituents of the preparations; waste oils",kg,30127920.0,11666443.028
X,566,NGA,288,GHA,2710,"Petroleum oils and oils from bituminous minerals, not crude; preparations n.e.c, containing by weight 70% or more of petroleum oils or oils from bituminous minerals; these being the basic constituents of the preparations; waste oils",kg,351130.7,376297.563
X,566,NGA,562,NER,2710,"Petroleum oils and oils from bituminous minerals, not crude; preparations n.e.c, containing by weight 70% or more of petroleum oils or oils from bituminous minerals; these being the basic constituents of the preparations; waste oils",N/A,0.0,7097525.894
X,566,NGA,842,USA,2710,"Petroleum oils and oils from bituminous minerals, not crude; preparations n.e.c, containing by weight 70% or more of petroleum oils or oils from bituminous minerals; these being the basic constituents of the preparations; waste oils",kg,10000000.0,5880270.542
X,566,NGA,899,_X ,2710,"Petroleum oils and oils from bituminous minerals, not crude; preparations n.e.c, containing by weight 70% or more of petroleum oils or oils from bituminous minerals; these being the basic constituents of the preparations; waste oils",kg,9855059.1,31217461.839
X,566,NGA,0,W00,2711,Petroleum gases and other gaseous hydrocarbons,N/A,0.0,5828892495.181
X,566,NGA,50,BGD,2711,Petroleum gases and other gaseous hydrocarbons,kg,10419990.0,65323812.739
X,566,NGA,56,BEL,2711,Petroleum gases and other gaseous hydrocarbons,kg,370596.0,221929873.975
X,566,NGA,76,BRA,2711,Petroleum gases and other gaseous hydrocarbons,kg,4053850.0,26059974.046
X,566,NGA,156,CHN,2711,Petroleum gases and other gaseous hydrocarbons,kg,379755951.061,879820973.909
X,566,NGA,170,COL,2711,Petroleum gases and other gaseous hydrocarbons,kg,24273220.0,117895665.947
X,566,NGA,191,HRV,2711,Petroleum gases and other gaseous hydrocarbons,kg,6839710.0,26709568.24
X,566,NGA,204,BEN,2711,Petroleum gases and other gaseous hydrocarbons,N/A,0.0,461352.502
X,566,NGA,251,FRA,2711,Petroleum gases and other gaseous hydrocarbons,kg,144633960.0,712209788.173
X,566,NGA,380,ITA,2711,Petroleum gases and other gaseous hydrocarbons,kg,6444240.0,34674494.243
X,566,NGA,388,JAM,2711,Petroleum gases and other gaseous hydrocarbons,kg,3157560.0,14965338.136
X,566,NGA,392,JPN,2711,Petroleum gases and other gaseous hydrocarbons,kg,52935220.0,203213216.811
X,566,NGA,410,KOR,2711,Petroleum gases and other gaseous hydrocarbons,kg,50689090.0,156132562.524
X,566,NGA,414,KWT,2711,Petroleum gases and other gaseous hydrocarbons,kg,50834840.0,222507773.003
X,566,NGA,490,S19,2711,Petroleum gases and other gaseous hydrocarbons,kg,43207860.0,210869551.102
X,566,NGA,528,NLD,2711,Petroleum gases and other gaseous hydrocarbons,kg,3887530.0,14076805.126
X,566,NGA,586,PAK,2711,Petroleum gases and other gaseous hydrocarbons,kg,3217320.0,29831817.584
X,566,NGA,616,POL,2711,Petroleum gases and other gaseous hydrocarbons,kg,29678640.0,199379803.678
X,566,NGA,620,PRT,2711,Petroleum gases and other gaseous hydrocarbons,kg,105850720.0,458442337.603
X,566,NGA,699,IND,2711,Petroleum gases and other gaseous hydrocarbons,N/A,0.0,480794251.66
X,566,NGA,702,SGP,2711,Petroleum gases and other gaseous hydrocarbons,kg,16028090.0,38633169.528
X,566,NGA,724,ESP,2711,Petroleum gases and other gaseous hydrocarbons,kg,173853900.0,828774632.38
X,566,NGA,764,THA,2711,Petroleum gases and other gaseous hydrocarbons,kg,38289900.0,123257531.775
X,566,NGA,784,ARE,2711,Petroleum gases and other gaseous hydrocarbons,kg,7241970.0,31626488.682
X,566,NGA,792,TUR,2711,Petroleum gases and other gaseous hydrocarbons,kg,105933242.0,430715559.33
X,566,NGA,826,GBR,2711,Petroleum gases and other gaseous hydrocarbons,kg,3145290.0,17039147.288
X,566,NGA,842,USA,2711,Petroleum gases and other gaseous hydrocarbons,kg,278557.7,189397795.563
X,566,NGA,899,_X ,2711,Petroleum gases and other gaseous hydrocarbons,kg,49222501.716,94149209.631
X,566,NGA,0,W00,2716,Electrical energy,N/A,0.0,218205254.046
X,566,NGA,204,BEN,2716,Electrical energy,N/A,0.0,68888454.77
X,566,NGA,562,NER,2716,Electrical energy,N/A,0.0,108664112.106
X,566,NGA,768,TGO,2716,Electrical energy,N/A,0.0,40652687.17
X,566,NGA,0,W00,2904,"Sulphonated, nitrated or nitrosated derivatives of hydrocarbons; whether or not halogenated",kg,194233.651,22851.042
X,566,NGA,156,CHN,2904,"Sulphonated, nitrated or nitrosated derivatives of hydrocarbons; whether or not halogenated",kg,194233.651,22851.042
X,566,NGA,0,W00,2923,"Quaternary ammonium salts and hydroxides; lecithins and other phosphoaminolipids, whether or not chemically defined",kg,711228.3,483993.903
X,566,NGA,699,IND,2923,"Quaternary ammonium salts and hydroxides; lecithins and other phosphoaminolipids, whether or not chemically defined",kg,711228.3,483993.903
X,566,NGA,0,W00,2939,"Alkaloids, vegetable; natural or reproduced by synthesis, and their salts, ethers, esters and other derivatives",N/A,0.0,13501.469
X,566,NGA,826,GBR,2939,"Alkaloids, vegetable; natural or reproduced by synthesis, and their salts, ethers, esters and other derivatives",N/A,0.0,13501.469
X,566,NGA,0,W00,3003,"Medicaments; (not goods of heading no. 3002, 3005 or 3006) of two or more constituents mixed together for therapeutic or prophylactic use not in measured doses or in forms or packings for retail sale",kg,39152.5,643282.248
X,566,NGA,288,GHA,3003,"Medicaments; (not goods of heading no. 3002, 3005 or 3006) of two or more constituents mixed together for therapeutic or prophylactic use not in measured doses or in forms or packings for retail sale",kg,32611.0,476754.799
X,566,NGA,384,CIV,3003,"Medicaments; (not goods of heading no. 3002, 3005 or 3006) of two or more constituents mixed together for therapeutic or prophylactic use not in measured doses or in forms or packings for retail sale",kg,6541.5,166527.45
X,566,NGA,0,W00,3004,"Medicaments; (not goods of heading no. 3002, 3005 or 3006) consisting of mixed or unmixed products for therapeutic or prophylactic use, put up in measured doses (incl. those in the form of transdermal admin. systems) or packed for retail sale",kg,37211.8,446491.364
X,566,NGA,288,GHA,3004,"Medicaments; (not goods of heading no. 3002, 3005 or 3006) consisting of mixed or unmixed products for therapeutic or prophylactic use, put up in measured doses (incl. those in the form of transdermal admin. systems) or packed for retail sale",kg,29613.0,383821.23
X,566,NGA,694,SLE,3004,"Medicaments; (not goods of heading no. 3002, 3005 or 3006) consisting of mixed or unmixed products for therapeutic or prophylactic use, put up in measured doses (incl. those in the form of transdermal admin. systems) or packed for retail sale",kg,7598.8,62670.134
X,566,NGA,0,W00,3006,Pharmaceutical goods,kg,102684.0,1123947.549
X,566,NGA,251,FRA,3006,Pharmaceutical goods,kg,45840.0,492011.935
X,566,NGA,490,S19,3006,Pharmaceutical goods,kg,12000.0,125884.963
X,566,NGA,528,NLD,3006,Pharmaceutical goods,kg,44844.0,506050.651
X,566,NGA,0,W00,3901,"Polymers of ethylene, in primary forms",kg,21316139.0,24374739.65
X,566,NGA,56,BEL,3901,"Polymers of ethylene, in primary forms",kg,596446.0,884989.966
X,566,NGA,76,BRA,3901,"Polymers of ethylene, in primary forms",kg,507500.0,696994.677
X,566,NGA,120,CMR,3901,"Polymers of ethylene, in primary forms",kg,195780.0,286441.37
X,566,NGA,170,COL,3901,"Polymers of ethylene, in primary forms",kg,1191632.0,1587280.267
X,566,NGA,188,CRI,3901,"Polymers of ethylene, in primary forms",kg,210000.0,276785.527
X,566,NGA,214,DOM,3901,"Polymers of ethylene, in primary forms",kg,736541.0,973691.943
X,566,NGA,222,SLV,3901,"Polymers of ethylene, in primary forms",kg,824146.0,1094962.133
X,566,NGA,251,FRA,3901,"Polymers of ethylene, in primary forms",kg,701090.0,995960.391
X,566,NGA,288,GHA,3901,"Polymers of ethylene, in primary forms",kg,1767030.0,2599168.113
X,566,NGA,300,GRC,3901,"Polymers of ethylene, in primary forms",kg,420000.0,595322.164
X,566,NGA,320,GTM,3901,"Polymers of ethylene, in primary forms",kg,1578270.0,2065388.43
X,566,NGA,372,IRL,3901,"Polymers of ethylene, in primary forms",kg,2258221.0,1720542.997
X,566,NGA,384,CIV,3901,"Polymers of ethylene, in primary forms",kg,893130.0,1232496.708
X,566,NGA,484,MEX,3901,"Polymers of ethylene, in primary forms",kg,577500.0,739801.112
X,566,NGA,528,NLD,3901,"Polymers of ethylene, in primary forms",kg,35180.0,48896.423
X,566,NGA,616,POL,3901,"Polymers of ethylene, in primary forms",kg,35000.0,48719.901
X,566,NGA,620,PRT,3901,"Polymers of ethylene, in primary forms",kg,630000.0,945296.394
X,566,NGA,699,IND,3901,"Polymers of ethylene, in primary forms",kg,1703900.0,130192.587
X,566,NGA,705,SVN,3901,"Polymers of ethylene, in primary forms",kg,420900.0,609110.923
X,566,NGA,710,ZAF,3901,"Polymers of ethylene, in primary forms",kg,17500.0,26548.873
X,566,NGA,724,ESP,3901,"Polymers of ethylene, in primary forms",kg,495000.0,667831.064
X,566,NGA,792,TUR,3901,"Polymers of ethylene, in primary forms",kg,157500.0,296799.852
X,566,NGA,826,GBR,3901,"Polymers of ethylene, in primary forms",kg,1125473.0,186644.08
X,566,NGA,842,USA,3901,"Polymers of ethylene, in primary forms",kg,4238400.0,5664873.756
X,566,NGA,0,W00,3902,"Polymers of propylene or of other olefins, in primary forms",N/A,0.0,1478663.535
X,566,NGA,204,BEN,3902,"Polymers of propylene or of other olefins, in primary forms",N/A,0.0,20505.22
X,566,NGA,504,MAR,3902,"Polymers of propylene or of other olefins, in primary forms",kg,736480.0,607495.717
X,566,NGA,699,IND,3902,"Polymers of propylene or of other olefins, in primary forms",kg,39957.0,42212.743
X,566,NGA,784,ARE,3902,"Polymers of propylene or of other olefins, in primary forms",kg,108656.0,136504.688
X,566,NGA,842,USA,3902,"Polymers of propylene or of other olefins, in primary forms",kg,377195.0,671945.167
X,566,NGA,0,W00,3903,"Polymers of styrene, in primary forms",kg,41230.0,13028.892
X,566,NGA,288,GHA,3903,"Polymers of styrene, in primary forms",kg,20000.0,4034.774
X,566,NGA,458,MYS,3903,"Polymers of styrene, in primary forms",kg,21230.0,8994.117
X,566,NGA,0,W00,3906,Acrylic polymers in primary forms,kg,270000.0,32782.542
X,566,NGA,116,KHM,3906,Acrylic polymers in primary forms,kg,160000.0,20173.872
X,566,NGA,704,VNM,3906,Acrylic polymers in primary forms,kg,110000.0,12608.67
X,566,NGA,0,W00,3907,"Polyacetals, other polyethers and epoxide resins, in primary forms; polycarbonates, alkyd resins, polyallyl esters and other polyesters, in primary forms",kg,1659997.0,795717.603
X,566,NGA,76,BRA,3907,"Polyacetals, other polyethers and epoxide resins, in primary forms; polycarbonates, alkyd resins, polyallyl esters and other polyesters, in primary forms",kg,75200.0,35798.682
X,566,NGA,100,BGR,3907,"Polyacetals, other polyethers and epoxide resins, in primary forms; polycarbonates, alkyd resins, polyallyl esters and other polyesters, in primary forms",kg,466018.0,333940.2
X,566,NGA,233,EST,3907,"Polyacetals, other polyethers and epoxide resins, in primary forms; polycarbonates, alkyd resins, polyallyl esters and other polyesters, in primary forms",kg,44000.0,33730.714
X,566,NGA,288,GHA,3907,"Polyacetals, other polyethers and epoxide resins, in primary forms; polycarbonates, alkyd resins, polyallyl esters and other polyesters, in primary forms",kg,20000.0,4114.111
X,566,NGA,300,GRC,3907,"Polyacetals, other polyethers and epoxide resins, in primary forms; polycarbonates, alkyd resins, polyallyl esters and other polyesters, in primary forms",kg,379940.0,95825.893
X,566,NGA,380,ITA,3907,"Polyacetals, other polyethers and epoxide resins, in primary forms; polycarbonates, alkyd resins, polyallyl esters and other polyesters, in primary forms",kg,600.0,408.98
X,566,NGA,458,MYS,3907,"Polyacetals, other polyethers and epoxide resins, in primary forms; polycarbonates, alkyd resins, polyallyl esters and other polyesters, in primary forms",kg,33890.0,14764.753
X,566,NGA,699,IND,3907,"Polyacetals, other polyethers and epoxide resins, in primary forms; polycarbonates, alkyd resins, polyallyl esters and other polyesters, in primary forms",kg,490069.0,167512.47
X,566,NGA,724,ESP,3907,"Polyacetals, other polyethers and epoxide resins, in primary forms; polycarbonates, alkyd resins, polyallyl esters and other polyesters, in primary forms",kg,24000.0,14193.683
X,566,NGA,792,TUR,3907,"Polyacetals, other polyethers and epoxide resins, in primary forms; polycarbonates, alkyd resins, polyallyl esters and other polyesters, in primary forms",kg,44000.0,38168.966
X,566,NGA,826,GBR,3907,"Polyacetals, other polyethers and epoxide resins, in primary forms; polycarbonates, alkyd resins, polyallyl esters and other polyesters, in primary forms",kg,19600.0,14206.039
X,566,NGA,842,USA,3907,"Polyacetals, other polyethers and epoxide resins, in primary forms; polycarbonates, alkyd resins, polyallyl esters and other polyesters, in primary forms",kg,62680.0,43053.111
X,566,NGA,0,W00,3909,"Amino-resins, phenolic resins and polyurethanes, in primary forms",kg,200040.0,50434.681
X,566,NGA,300,GRC,3909,"Amino-resins, phenolic resins and polyurethanes, in primary forms",kg,200040.0,50434.681
X,566,NGA,0,W00,3910,Silicones in primary forms,kg,8100.0,2319.995
X,566,NGA,384,CIV,3910,Silicones in primary forms,kg,8100.0,2319.995
X,566,NGA,0,W00,3912,"Cellulose and its chemical derivatives, n.e.c. or included, in primary forms",kg,10000.0,2855.217
X,566,NGA,156,CHN,3912,"Cellulose and its chemical derivatives, n.e.c. or included, in primary forms",kg,10000.0,2855.217
X,566,NGA,0,W00,3915,"Waste, parings and scrap, of plastics",kg,42947758.433,5556053.072
X,566,NGA,40,AUT,3915,"Waste, parings and scrap, of plastics",kg,14294.8,16344.226
X,566,NGA,76,BRA,3915,"Waste, parings and scrap, of plastics",kg,137490.0,77036.126
X,566,NGA,100,BGR,3915,"Waste, parings and scrap, of plastics",kg,22050.0,5192.755
X,566,NGA,156,CHN,3915,"Waste, parings and scrap, of plastics",kg,580040.0,84601.666
X,566,NGA,218,ECU,3915,"Waste, parings and scrap, of plastics",kg,151048.5,137144.885
X,566,NGA,276,DEU,3915,"Waste, parings and scrap, of plastics",kg,3541407.572,762415.371
X,566,NGA,288,GHA,3915,"Waste, parings and scrap, of plastics",kg,65000.0,7313.029
X,566,NGA,300,GRC,3915,"Waste, parings and scrap, of plastics",kg,604890.0,200182.927
X,566,NGA,344,HKG,3915,"Waste, parings and scrap, of plastics",kg,18450.0,13957.798
X,566,NGA,372,IRL,3915,"Waste, parings and scrap, of plastics",kg,19704901.0,778580.523
X,566,NGA,380,ITA,3915,"Waste, parings and scrap, of plastics",kg,120180.0,13824.748
X,566,NGA,392,JPN,3915,"Waste, parings and scrap, of plastics",kg,40040.0,3915.989
X,566,NGA,458,MYS,3915,"Waste, parings and scrap, of plastics",kg,148000.0,17131.343
X,566,NGA,484,MEX,3915,"Waste, parings and scrap, of plastics",kg,273066.5,45895.674
X,566,NGA,490,S19,3915,"Waste, parings and scrap, of plastics",kg,39820.0,21223.021
X,566,NGA,586,PAK,3915,"Waste, parings and scrap, of plastics",kg,102650.0,91430.029
X,566,NGA,699,IND,3915,"Waste, parings and scrap, of plastics",kg,9200.0,4628.375
X,566,NGA,704,VNM,3915,"Waste, parings and scrap, of plastics",kg,361200.0,42913.97
X,566,NGA,705,SVN,3915,"Waste, parings and scrap, of plastics",kg,539270.0,98296.698
X,566,NGA,710,ZAF,3915,"Waste, parings and scrap, of plastics",kg,20000.0,2017.387
X,566,NGA,724,ESP,3915,"Waste, parings and scrap, of plastics",kg,640650.0,80174.835
X,566,NGA,784,ARE,3915,"Waste, parings and scrap, of plastics",kg,421119.8,66096.299
X,566,NGA,792,TUR,3915,"Waste, parings and scrap, of plastics",kg,1348600.0,460418.062
X,566,NGA,804,UKR,3915,"Waste, parings and scrap, of plastics",kg,3347045.0,109465.003
X,566,NGA,807,MKD,3915,"Waste, parings and scrap, of plastics",kg,101400.0,12793.261
X,566,NGA,826,GBR,3915,"Waste, parings and scrap, of plastics",kg,4658873.341,944269.409
X,566,NGA,842,USA,3915,"Waste, parings and scrap, of plastics",kg,5937071.92,1458789.664
X,566,NGA,0,W00,3917,"Tubes, pipes and hoses and fittings thereof (for example, joints, elbows, flanges), of plastics",kg,191418.5,288187.72
X,566,NGA,56,BEL,3917,"Tubes, pipes and hoses and fittings thereof (for example, joints, elbows, flanges), of plastics",kg,16200.0,9592.676
X,566,NGA,156,CHN,3917,"Tubes, pipes and hoses and fittings thereof (for example, joints, elbows, flanges), of plastics",kg,56000.0,7994.609
X,566,NGA,384,CIV,3917,"Tubes, pipes and hoses and fittings thereof (for example, joints, elbows, flanges), of plastics",kg,103486.0,261078.871
X,566,NGA,724,ESP,3917,"Tubes, pipes and hoses and fittings thereof (for example, joints, elbows, flanges), of plastics",kg,15732.5,9521.563
X,566,NGA,0,W00,3918,"Floor coverings of plastics, self-adhesive or not, in rolls or tiles; wall or ceiling coverings of plastics, in rolls of a width not less than 45cm",kg,200.0,828.993
X,566,NGA,276,DEU,3918,"Floor coverings of plastics, self-adhesive or not, in rolls or tiles; wall or ceiling coverings of plastics, in rolls of a width not less than 45cm",kg,200.0,828.993
X,566,NGA,0,W00,3920,"Plastics; plates, sheets, film, foil and strip (not self-adhesive); non-cellular and not reinforced, laminated, supported or similarly combined with other materials, n.e.c. in chapter 39",N/A,0.0,20758226.386
X,566,NGA,24,AGO,3920,"Plastics; plates, sheets, film, foil and strip (not self-adhesive); non-cellular and not reinforced, laminated, supported or similarly combined with other materials, n.e.c. in chapter 39",kg,609707.1,1077880.555
X,566,NGA,120,CMR,3920,"Plastics; plates, sheets, film, foil and strip (not self-adhesive); non-cellular and not reinforced, laminated, supported or similarly combined with other materials, n.e.c. in chapter 39",kg,1782.0,8883.968
X,566,NGA,288,GHA,3920,"Plastics; plates, sheets, film, foil and strip (not self-adhesive); non-cellular and not reinforced, laminated, supported or similarly combined with other materials, n.e.c. in chapter 39",N/A,0.0,2321021.647
X,566,NGA,384,CIV,3920,"Plastics; plates, sheets, film, foil and strip (not self-adhesive); non-cellular and not reinforced, laminated, supported or similarly combined with other materials, n.e.c. in chapter 39",kg,933277.7,1757139.599
X,566,NGA,642,ROU,3920,"Plastics; plates, sheets, film, foil and strip (not self-adhesive); non-cellular and not reinforced, laminated, supported or similarly combined with other materials, n.e.c. in chapter 39",kg,69101.8,164178.907
X,566,NGA,686,SEN,3920,"Plastics; plates, sheets, film, foil and strip (not self-adhesive); non-cellular and not reinforced, laminated, supported or similarly combined with other materials, n.e.c. in chapter 39",kg,141526.9,508860.13
X,566,NGA,699,IND,3920,"Plastics; plates, sheets, film, foil and strip (not self-adhesive); non-cellular and not reinforced, laminated, supported or similarly combined with other materials, n.e.c. in chapter 39",kg,22125994.0,2571539.361
X,566,NGA,768,TGO,3920,"Plastics; plates, sheets, film, foil and strip (not self-adhesive); non-cellular and not reinforced, laminated, supported or similarly combined with other materials, n.e.c. in chapter 39",kg,213413.1,376580.988
X,566,NGA,784,ARE,3920,"Plastics; plates, sheets, film, foil and strip (not self-adhesive); non-cellular and not reinforced, laminated, supported or similarly combined with other materials, n.e.c. in chapter 39",kg,7917347.2,8446914.84
X,566,NGA,842,USA,3920,"Plastics; plates, sheets, film, foil and strip (not self-adhesive); non-cellular and not reinforced, laminated, supported or similarly combined with other materials, n.e.c. in chapter 39",kg,1814766.0,3525226.39
X,566,NGA,0,W00,3921,"Plastic plates, sheets, film, foil and strip n.e.c. in chapter 39",kg,43990.4,84350.611
X,566,NGA,686,SEN,3921,"Plastic plates, sheets, film, foil and strip n.e.c. in chapter 39",kg,43990.4,84350.611
X,566,NGA,0,W00,3922,"Sanitary ware; baths, shower-baths, sinks, wash-basins, bidets, lavatory pans, seats and covers, flushing cisterns and sanitary ware, of plastics",kg,80000.0,2760.881
X,566,NGA,466,MLI,3922,"Sanitary ware; baths, shower-baths, sinks, wash-basins, bidets, lavatory pans, seats and covers, flushing cisterns and sanitary ware, of plastics",kg,80000.0,2760.881
X,566,NGA,0,W00,3923,"Plastic articles for the conveyance or packing of goods; stoppers, lids, caps and other closures of plastics",kg,1395146.7,495475.48
X,566,NGA,120,CMR,3923,"Plastic articles for the conveyance or packing of goods; stoppers, lids, caps and other closures of plastics",kg,3915.0,42032.263
X,566,NGA,204,BEN,3923,"Plastic articles for the conveyance or packing of goods; stoppers, lids, caps and other closures of plastics",kg,65375.0,232227.648
X,566,NGA,276,DEU,3923,"Plastic articles for the conveyance or packing of goods; stoppers, lids, caps and other closures of plastics",kg,3000.0,1593.736
X,566,NGA,380,ITA,3923,"Plastic articles for the conveyance or packing of goods; stoppers, lids, caps and other closures of plastics",kg,37983.0,3224.131
X,566,NGA,562,NER,3923,"Plastic articles for the conveyance or packing of goods; stoppers, lids, caps and other closures of plastics",kg,51490.9,109540.111
X,566,NGA,686,SEN,3923,"Plastic articles for the conveyance or packing of goods; stoppers, lids, caps and other closures of plastics",kg,12.8,23149.518
X,566,NGA,694,SLE,3923,"Plastic articles for the conveyance or packing of goods; stoppers, lids, caps and other closures of plastics",kg,13370.0,43915.554
X,566,NGA,768,TGO,3923,"Plastic articles for the conveyance or packing of goods; stoppers, lids, caps and other closures of plastics",kg,1190000.0,36290.118
X,566,NGA,854,BFA,3923,"Plastic articles for the conveyance or packing of goods; stoppers, lids, caps and other closures of plastics",kg,30000.0,3502.4
X,566,NGA,0,W00,3924,"Tableware, kitchenware, other household articles and hygienic or toilet articles, of plastics",kg,111124.46,123767.611
X,566,NGA,226,GNQ,3924,"Tableware, kitchenware, other household articles and hygienic or toilet articles, of plastics",kg,2520.0,3455.717
X,566,NGA,288,GHA,3924,"Tableware, kitchenware, other household articles and hygienic or toilet articles, of plastics",kg,27042.6,79407.609
X,566,NGA,686,SEN,3924,"Tableware, kitchenware, other household articles and hygienic or toilet articles, of plastics",kg,76600.0,29104.183
X,566,NGA,768,TGO,3924,"Tableware, kitchenware, other household articles and hygienic or toilet articles, of plastics",kg,3512.0,8573.896
X,566,NGA,784,ARE,3924,"Tableware, kitchenware, other household articles and hygienic or toilet articles, of plastics",kg,1449.86,3226.206
X,566,NGA,0,W00,3926,"Articles of plastics and articles of other materials of heading no. 3901 to 3914, n.e.c. in chapter 39",kg,1736054.0,714974.833
X,566,NGA,116,KHM,3926,"Articles of plastics and articles of other materials of heading no. 3901 to 3914, n.e.c. in chapter 39",kg,63000.0,6052.162
X,566,NGA,288,GHA,3926,"Articles of plastics and articles of other materials of heading no. 3901 to 3914, n.e.c. in chapter 39",kg,230000.0,38687.32
X,566,NGA,372,IRL,3926,"Articles of plastics and articles of other materials of heading no. 3901 to 3914, n.e.c. in chapter 39",kg,20560.0,1451.712
X,566,NGA,380,ITA,3926,"Articles of plastics and articles of other materials of heading no. 3901 to 3914, n.e.c. in chapter 39",kg,41720.0,4291.018
X,566,NGA,466,MLI,3926,"Articles of plastics and articles of other materials of heading no. 3901 to 3914, n.e.c. in chapter 39",kg,47000.0,24467.44
X,566,NGA,562,NER,3926,"Articles of plastics and articles of other materials of heading no. 3901 to 3914, n.e.c. in chapter 39",kg,962000.0,29502.271
X,566,NGA,699,IND,3926,"Articles of plastics and articles of other materials of heading no. 3901 to 3914, n.e.c. in chapter 39",kg,40800.0,9078.243
X,566,NGA,704,VNM,3926,"Articles of plastics and articles of other materials of heading no. 3901 to 3914, n.e.c. in chapter 39",kg,150000.0,14121.711
X,566,NGA,710,ZAF,3926,"Articles of plastics and articles of other materials of heading no. 3901 to 3914, n.e.c. in chapter 39",kg,159800.0,585768.554
X,566,NGA,826,GBR,3926,"Articles of plastics and articles of other materials of heading no. 3901 to 3914, n.e.c. in chapter 39",kg,21174.0,1554.403
X,566,NGA,0,W00,4001,"Natural rubber, balata, gutta-percha, guayule, chicle and similar gums; in primary forms or in plates, sheets or strip",kg,48669559.7,56716815.353
X,566,NGA,56,BEL,4001,"Natural rubber, balata, gutta-percha, guayule, chicle and similar gums; in primary forms or in plates, sheets or strip",kg,68040.0,106494.304
X,566,NGA,156,CHN,4001,"Natural rubber, balata, gutta-percha, guayule, chicle and similar gums; in primary forms or in plates, sheets or strip",kg,3337040.0,5073869.652
X,566,NGA,246,FIN,4001,"Natural rubber, balata, gutta-percha, guayule, chicle and similar gums; in primary forms or in plates, sheets or strip",kg,201600.0,339680.055
X,566,NGA,251,FRA,4001,"Natural rubber, balata, gutta-percha, guayule, chicle and similar gums; in primary forms or in plates, sheets or strip",kg,10979358.0,10276430.197
X,566,NGA,276,DEU,4001,"Natural rubber, balata, gutta-percha, guayule, chicle and similar gums; in primary forms or in plates, sheets or strip",kg,1692000.0,2636667.917
X,566,NGA,380,ITA,4001,"Natural rubber, balata, gutta-percha, guayule, chicle and similar gums; in primary forms or in plates, sheets or strip",kg,3942146.7,6508961.694
X,566,NGA,404,KEN,4001,"Natural rubber, balata, gutta-percha, guayule, chicle and similar gums; in primary forms or in plates, sheets or strip",kg,40320.0,64666.137
X,566,NGA,428,LVA,4001,"Natural rubber, balata, gutta-percha, guayule, chicle and similar gums; in primary forms or in plates, sheets or strip",kg,80640.0,131772.506
X,566,NGA,440,LTU,4001,"Natural rubber, balata, gutta-percha, guayule, chicle and similar gums; in primary forms or in plates, sheets or strip",kg,280300.0,379520.069
X,566,NGA,458,MYS,4001,"Natural rubber, balata, gutta-percha, guayule, chicle and similar gums; in primary forms or in plates, sheets or strip",kg,929840.0,1236736.569
X,566,NGA,528,NLD,4001,"Natural rubber, balata, gutta-percha, guayule, chicle and similar gums; in primary forms or in plates, sheets or strip",kg,1818360.0,2792811.025
X,566,NGA,616,POL,4001,"Natural rubber, balata, gutta-percha, guayule, chicle and similar gums; in primary forms or in plates, sheets or strip",kg,3175060.0,4976751.925
X,566,NGA,642,ROU,4001,"Natural rubber, balata, gutta-percha, guayule, chicle and similar gums; in primary forms or in plates, sheets or strip",kg,1336720.0,2029404.994
X,566,NGA,699,IND,4001,"Natural rubber, balata, gutta-percha, guayule, chicle and similar gums; in primary forms or in plates, sheets or strip",kg,1569640.0,2436187.123
X,566,NGA,702,SGP,4001,"Natural rubber, balata, gutta-percha, guayule, chicle and similar gums; in primary forms or in plates, sheets or strip",kg,952280.0,1495682.849
X,566,NGA,710,ZAF,4001,"Natural rubber, balata, gutta-percha, guayule, chicle and similar gums; in primary forms or in plates, sheets or strip",kg,4611255.0,5715135.808
X,566,NGA,724,ESP,4001,"Natural rubber, balata, gutta-percha, guayule, chicle and similar gums; in primary forms or in plates, sheets or strip",kg,6560230.0,8863304.872
X,566,NGA,768,TGO,4001,"Natural rubber, balata, gutta-percha, guayule, chicle and similar gums; in primary forms or in plates, sheets or strip",kg,74600.0,24663.567
X,566,NGA,792,TUR,4001,"Natural rubber, balata, gutta-percha, guayule, chicle and similar gums; in primary forms or in plates, sheets or strip",kg,80640.0,126078.632
X,566,NGA,804,UKR,4001,"Natural rubber, balata, gutta-percha, guayule, chicle and similar gums; in primary forms or in plates, sheets or strip",kg,443520.0,726861.169
X,566,NGA,826,GBR,4001,"Natural rubber, balata, gutta-percha, guayule, chicle and similar gums; in primary forms or in plates, sheets or strip",kg,6390720.0,612452.185
X,566,NGA,842,USA,4001,"Natural rubber, balata, gutta-percha, guayule, chicle and similar gums; in primary forms or in plates, sheets or strip",kg,105250.0,162682.106
X,566,NGA,0,W00,4009,"Tubes, pipes and hoses, of vulcanised rubber (other than hard rubber), with or without their fittings (e.g. joints, elbows, flanges)",kg,80000.0,5710.435
X,566,NGA,466,MLI,4009,"Tubes, pipes and hoses, of vulcanised rubber (other than hard rubber), with or without their fittings (e.g. joints, elbows, flanges)",kg,80000.0,5710.435
X,566,NGA,0,W00,4015,"Articles of apparel and clothing accessories (including gloves, mittens and mitts), for all purposes, of vulcanised rubber other than hard rubber",kg,15000.0,951.739
X,566,NGA,768,TGO,4015,"Articles of apparel and clothing accessories (including gloves, mittens and mitts), for all purposes, of vulcanised rubber other than hard rubber",kg,15000.0,951.739
X,566,NGA,0,W00,5006,"Silk yarn and yarn spun from silk waste, put up for retail sale; silk-worm gut",kg,28000.0,8473.026
X,566,NGA,156,CHN,5006,"Silk yarn and yarn spun from silk waste, put up for retail sale; silk-worm gut",kg,28000.0,8473.026
X,566,NGA,0,W00,5007,Woven fabrics of silk or of silk waste,kg,5295.0,5875.136
X,566,NGA,704,VNM,5007,Woven fabrics of silk or of silk waste,kg,5295.0,5875.136
X,566,NGA,0,W00,5108,"Yarn of fine animal hair (carded or combed), not put up for retail sale",N/A,0.0,5472.748
X,566,NGA,528,NLD,5108,"Yarn of fine animal hair (carded or combed), not put up for retail sale",N/A,0.0,5472.748
X,566,NGA,0,W00,5113,Woven fabrics of coarse animal hair or of horsehair,kg,10000.0,6556.508
X,566,NGA,266,GAB,5113,Woven fabrics of coarse animal hair or of horsehair,kg,10000.0,6556.508
X,566,NGA,0,W00,7002,"Glass in balls (other than microspheres of heading no. 7018), rods or tubes, unworked",N/A,0.0,5165.231
X,566,NGA,152,CHL,7002,"Glass in balls (other than microspheres of heading no. 7018), rods or tubes, unworked",N/A,0.0,5165.231
X,566,NGA,0,W00,7003,"Glass; cast glass and rolled glass in sheets or profiles, whether or not having an absorbent, reflecting or non-reflecting layer, but not otherwise worked",N/A,0.0,109376.487
X,566,NGA,288,GHA,7003,"Glass; cast glass and rolled glass in sheets or profiles, whether or not having an absorbent, reflecting or non-reflecting layer, but not otherwise worked",N/A,0.0,54505.651
X,566,NGA,694,SLE,7003,"Glass; cast glass and rolled glass in sheets or profiles, whether or not having an absorbent, reflecting or non-reflecting layer, but not otherwise worked",N/A,0.0,54870.836
X,566,NGA,0,W00,7005,"Glass; float glass and surface ground or polished glass, in sheets, whether or not having an absorbent, reflecting or non-reflecting layer, but not otherwise worked",m²,5361309.545,35234189.1
X,566,NGA,12,DZA,7005,"Glass; float glass and surface ground or polished glass, in sheets, whether or not having an absorbent, reflecting or non-reflecting layer, but not otherwise worked",m²,61730.665,417138.165
X,566,NGA,68,BOL,7005,"Glass; float glass and surface ground or polished glass, in sheets, whether or not having an absorbent, reflecting or non-reflecting layer, but not otherwise worked",m²,8066.317,67494.428
X,566,NGA,76,BRA,7005,"Glass; float glass and surface ground or polished glass, in sheets, whether or not having an absorbent, reflecting or non-reflecting layer, but not otherwise worked",m²,557492.95,3538376.755
X,566,NGA,152,CHL,7005,"Glass; float glass and surface ground or polished glass, in sheets, whether or not having an absorbent, reflecting or non-reflecting layer, but not otherwise worked",m²,71141.028,623811.995
X,566,NGA,156,CHN,7005,"Glass; float glass and surface ground or polished glass, in sheets, whether or not having an absorbent, reflecting or non-reflecting layer, but not otherwise worked",m²,3794514.571,24055230.388
X,566,NGA,170,COL,7005,"Glass; float glass and surface ground or polished glass, in sheets, whether or not having an absorbent, reflecting or non-reflecting layer, but not otherwise worked",m²,154881.943,1065244.127
X,566,NGA,178,COG,7005,"Glass; float glass and surface ground or polished glass, in sheets, whether or not having an absorbent, reflecting or non-reflecting layer, but not otherwise worked",m²,18097.585,116948.959
X,566,NGA,188,CRI,7005,"Glass; float glass and surface ground or polished glass, in sheets, whether or not having an absorbent, reflecting or non-reflecting layer, but not otherwise worked",m²,985.682,10556.866
X,566,NGA,204,BEN,7005,"Glass; float glass and surface ground or polished glass, in sheets, whether or not having an absorbent, reflecting or non-reflecting layer, but not otherwise worked",m²,14429.286,115812.38
X,566,NGA,212,DMA,7005,"Glass; float glass and surface ground or polished glass, in sheets, whether or not having an absorbent, reflecting or non-reflecting layer, but not otherwise worked",m²,10698.56,109156.714
X,566,NGA,214,DOM,7005,"Glass; float glass and surface ground or polished glass, in sheets, whether or not having an absorbent, reflecting or non-reflecting layer, but not otherwise worked",m²,22693.632,221901.594
X,566,NGA,218,ECU,7005,"Glass; float glass and surface ground or polished glass, in sheets, whether or not having an absorbent, reflecting or non-reflecting layer, but not otherwise worked",m²,9349.597,76521.174
X,566,NGA,222,SLV,7005,"Glass; float glass and surface ground or polished glass, in sheets, whether or not having an absorbent, reflecting or non-reflecting layer, but not otherwise worked",m²,24612.56,176433.509
X,566,NGA,266,GAB,7005,"Glass; float glass and surface ground or polished glass, in sheets, whether or not having an absorbent, reflecting or non-reflecting layer, but not otherwise worked",m²,1584.47,11132.577
X,566,NGA,320,GTM,7005,"Glass; float glass and surface ground or polished glass, in sheets, whether or not having an absorbent, reflecting or non-reflecting layer, but not otherwise worked",m²,28678.315,187658.088
X,566,NGA,328,GUY,7005,"Glass; float glass and surface ground or polished glass, in sheets, whether or not having an absorbent, reflecting or non-reflecting layer, but not otherwise worked",m²,939.207,5951.605
X,566,NGA,372,IRL,7005,"Glass; float glass and surface ground or polished glass, in sheets, whether or not having an absorbent, reflecting or non-reflecting layer, but not otherwise worked",m²,7470.633,80012.107
X,566,NGA,404,KEN,7005,"Glass; float glass and surface ground or polished glass, in sheets, whether or not having an absorbent, reflecting or non-reflecting layer, but not otherwise worked",m²,139051.285,989820.72
X,566,NGA,422,LBN,7005,"Glass; float glass and surface ground or polished glass, in sheets, whether or not having an absorbent, reflecting or non-reflecting layer, but not otherwise worked",m²,1849.398,19807.46
X,566,NGA,430,LBR,7005,"Glass; float glass and surface ground or polished glass, in sheets, whether or not having an absorbent, reflecting or non-reflecting layer, but not otherwise worked",m²,2566.975,16266.516
X,566,NGA,466,MLI,7005,"Glass; float glass and surface ground or polished glass, in sheets, whether or not having an absorbent, reflecting or non-reflecting layer, but not otherwise worked",m²,782.85,4960.798
X,566,NGA,478,MRT,7005,"Glass; float glass and surface ground or polished glass, in sheets, whether or not having an absorbent, reflecting or non-reflecting layer, but not otherwise worked",m²,2547.847,27287.998
X,566,NGA,504,MAR,7005,"Glass; float glass and surface ground or polished glass, in sheets, whether or not having an absorbent, reflecting or non-reflecting layer, but not otherwise worked",m²,50048.794,318923.463
X,566,NGA,512,OMN,7005,"Glass; float glass and surface ground or polished glass, in sheets, whether or not having an absorbent, reflecting or non-reflecting layer, but not otherwise worked",m²,876.816,5556.248
X,566,NGA,562,NER,7005,"Glass; float glass and surface ground or polished glass, in sheets, whether or not having an absorbent, reflecting or non-reflecting layer, but not otherwise worked",m²,3398.55,36399.213
X,566,NGA,600,PRY,7005,"Glass; float glass and surface ground or polished glass, in sheets, whether or not having an absorbent, reflecting or non-reflecting layer, but not otherwise worked",m²,578.639,6197.353
X,566,NGA,604,PER,7005,"Glass; float glass and surface ground or polished glass, in sheets, whether or not having an absorbent, reflecting or non-reflecting layer, but not otherwise worked",m²,161084.755,1381993.491
X,566,NGA,642,ROU,7005,"Glass; float glass and surface ground or polished glass, in sheets, whether or not having an absorbent, reflecting or non-reflecting layer, but not otherwise worked",m²,1079.159,6838.458
X,566,NGA,686,SEN,7005,"Glass; float glass and surface ground or polished glass, in sheets, whether or not having an absorbent, reflecting or non-reflecting layer, but not otherwise worked",m²,27495.415,203446.59
X,566,NGA,706,SOM,7005,"Glass; float glass and surface ground or polished glass, in sheets, whether or not having an absorbent, reflecting or non-reflecting layer, but not otherwise worked",m²,379.393,2404.151
X,566,NGA,710,ZAF,7005,"Glass; float glass and surface ground or polished glass, in sheets, whether or not having an absorbent, reflecting or non-reflecting layer, but not otherwise worked",m²,631.848,6767.225
X,566,NGA,724,ESP,7005,"Glass; float glass and surface ground or polished glass, in sheets, whether or not having an absorbent, reflecting or non-reflecting layer, but not otherwise worked",m²,8567.09,91755.401
X,566,NGA,760,SYR,7005,"Glass; float glass and surface ground or polished glass, in sheets, whether or not having an absorbent, reflecting or non-reflecting layer, but not otherwise worked",m²,72133.913,531734.793
X,566,NGA,768,TGO,7005,"Glass; float glass and surface ground or polished glass, in sheets, whether or not having an absorbent, reflecting or non-reflecting layer, but not otherwise worked",m²,5230.349,56018.176
X,566,NGA,780,TTO,7005,"Glass; float glass and surface ground or polished glass, in sheets, whether or not having an absorbent, reflecting or non-reflecting layer, but not otherwise worked",m²,143.605,1538.04
X,566,NGA,788,TUN,7005,"Glass; float glass and surface ground or polished glass, in sheets, whether or not having an absorbent, reflecting or non-reflecting layer, but not otherwise worked",m²,4280.789,27126.686
X,566,NGA,800,UGA,7005,"Glass; float glass and surface ground or polished glass, in sheets, whether or not having an absorbent, reflecting or non-reflecting layer, but not otherwise worked",m²,9074.616,75694.971
X,566,NGA,818,EGY,7005,"Glass; float glass and surface ground or polished glass, in sheets, whether or not having an absorbent, reflecting or non-reflecting layer, but not otherwise worked",m²,10416.861,70652.545
X,566,NGA,826,GBR,7005,"Glass; float glass and surface ground or polished glass, in sheets, whether or not having an absorbent, reflecting or non-reflecting layer, but not otherwise worked",m²,523.103,5602.547
X,566,NGA,834,TZA,7005,"Glass; float glass and surface ground or polished glass, in sheets, whether or not having an absorbent, reflecting or non-reflecting layer, but not otherwise worked",m²,66847.579,440431.095
X,566,NGA,842,USA,7005,"Glass; float glass and surface ground or polished glass, in sheets, whether or not having an absorbent, reflecting or non-reflecting layer, but not otherwise worked",m²,4352.914,27583.732
X,566,NGA,0,W00,7010,"Carboys, bottles, flasks, jars, pots, phials, ampoules, containers of glass of a kind used for the conveyance or packing of goods; preserving jars of glass; stoppers, lids and other closures of glass",kg,51438730.1,19262920.044
X,566,NGA,56,BEL,7010,"Carboys, bottles, flasks, jars, pots, phials, ampoules, containers of glass of a kind used for the conveyance or packing of goods; preserving jars of glass; stoppers, lids and other closures of glass",kg,15876.0,113976.326
X,566,NGA,76,BRA,7010,"Carboys, bottles, flasks, jars, pots, phials, ampoules, containers of glass of a kind used for the conveyance or packing of goods; preserving jars of glass; stoppers, lids and other closures of glass",kg,97869.8,172761.124
X,566,NGA,120,CMR,7010,"Carboys, bottles, flasks, jars, pots, phials, ampoules, containers of glass of a kind used for the conveyance or packing of goods; preserving jars of glass; stoppers, lids and other closures of glass",kg,55176.0,886318.902
X,566,NGA,124,CAN,7010,"Carboys, bottles, flasks, jars, pots, phials, ampoules, containers of glass of a kind used for the conveyance or packing of goods; preserving jars of glass; stoppers, lids and other closures of glass",kg,6360.0,3502.184
X,566,NGA,152,CHL,7010,"Carboys, bottles, flasks, jars, pots, phials, ampoules, containers of glass of a kind used for the conveyance or packing of goods; preserving jars of glass; stoppers, lids and other closures of glass",kg,220500.0,15348.07
X,566,NGA,156,CHN,7010,"Carboys, bottles, flasks, jars, pots, phials, ampoules, containers of glass of a kind used for the conveyance or packing of goods; preserving jars of glass; stoppers, lids and other closures of glass",kg,2886440.0,3009282.363
X,566,NGA,170,COL,7010,"Carboys, bottles, flasks, jars, pots, phials, ampoules, containers of glass of a kind used for the conveyance or packing of goods; preserving jars of glass; stoppers, lids and other closures of glass",kg,136500.0,128299.563
X,566,NGA,178,COG,7010,"Carboys, bottles, flasks, jars, pots, phials, ampoules, containers of glass of a kind used for the conveyance or packing of goods; preserving jars of glass; stoppers, lids and other closures of glass",kg,129538.0,68248.212
X,566,NGA,180,COD,7010,"Carboys, bottles, flasks, jars, pots, phials, ampoules, containers of glass of a kind used for the conveyance or packing of goods; preserving jars of glass; stoppers, lids and other closures of glass",kg,77380.0,41904.199
X,566,NGA,204,BEN,7010,"Carboys, bottles, flasks, jars, pots, phials, ampoules, containers of glass of a kind used for the conveyance or packing of goods; preserving jars of glass; stoppers, lids and other closures of glass",kg,49000.0,2743.425
X,566,NGA,276,DEU,7010,"Carboys, bottles, flasks, jars, pots, phials, ampoules, containers of glass of a kind used for the conveyance or packing of goods; preserving jars of glass; stoppers, lids and other closures of glass",kg,29076.0,121790.212
X,566,NGA,288,GHA,7010,"Carboys, bottles, flasks, jars, pots, phials, ampoules, containers of glass of a kind used for the conveyance or packing of goods; preserving jars of glass; stoppers, lids and other closures of glass",kg,43588624.0,7563465.763
X,566,NGA,360,IDN,7010,"Carboys, bottles, flasks, jars, pots, phials, ampoules, containers of glass of a kind used for the conveyance or packing of goods; preserving jars of glass; stoppers, lids and other closures of glass",kg,465920.0,749886.031
X,566,NGA,380,ITA,7010,"Carboys, bottles, flasks, jars, pots, phials, ampoules, containers of glass of a kind used for the conveyance or packing of goods; preserving jars of glass; stoppers, lids and other closures of glass",kg,14663.0,5278.456
X,566,NGA,384,CIV,7010,"Carboys, bottles, flasks, jars, pots, phials, ampoules, containers of glass of a kind used for the conveyance or packing of goods; preserving jars of glass; stoppers, lids and other closures of glass",kg,306643.0,493043.506
X,566,NGA,392,JPN,7010,"Carboys, bottles, flasks, jars, pots, phials, ampoules, containers of glass of a kind used for the conveyance or packing of goods; preserving jars of glass; stoppers, lids and other closures of glass",kg,1219610.0,2388131.944
X,566,NGA,410,KOR,7010,"Carboys, bottles, flasks, jars, pots, phials, ampoules, containers of glass of a kind used for the conveyance or packing of goods; preserving jars of glass; stoppers, lids and other closures of glass",kg,116410.0,289353.698
X,566,NGA,430,LBR,7010,"Carboys, bottles, flasks, jars, pots, phials, ampoules, containers of glass of a kind used for the conveyance or packing of goods; preserving jars of glass; stoppers, lids and other closures of glass",kg,467316.0,445103.1
X,566,NGA,434,LBY,7010,"Carboys, bottles, flasks, jars, pots, phials, ampoules, containers of glass of a kind used for the conveyance or packing of goods; preserving jars of glass; stoppers, lids and other closures of glass",kg,13500.0,17752.957
X,566,NGA,458,MYS,7010,"Carboys, bottles, flasks, jars, pots, phials, ampoules, containers of glass of a kind used for the conveyance or packing of goods; preserving jars of glass; stoppers, lids and other closures of glass",kg,129020.0,156169.98
X,566,NGA,508,MOZ,7010,"Carboys, bottles, flasks, jars, pots, phials, ampoules, containers of glass of a kind used for the conveyance or packing of goods; preserving jars of glass; stoppers, lids and other closures of glass",kg,233507.0,217294.452
X,566,NGA,604,PER,7010,"Carboys, bottles, flasks, jars, pots, phials, ampoules, containers of glass of a kind used for the conveyance or packing of goods; preserving jars of glass; stoppers, lids and other closures of glass",kg,171500.0,18281.059
X,566,NGA,646,RWA,7010,"Carboys, bottles, flasks, jars, pots, phials, ampoules, containers of glass of a kind used for the conveyance or packing of goods; preserving jars of glass; stoppers, lids and other closures of glass",kg,79000.0,101272.839
X,566,NGA,682,SAU,7010,"Carboys, bottles, flasks, jars, pots, phials, ampoules, containers of glass of a kind used for the conveyance or packing of goods; preserving jars of glass; stoppers, lids and other closures of glass",kg,28960.0,39300.317
X,566,NGA,694,SLE,7010,"Carboys, bottles, flasks, jars, pots, phials, ampoules, containers of glass of a kind used for the conveyance or packing of goods; preserving jars of glass; stoppers, lids and other closures of glass",kg,170289.5,86714.13
X,566,NGA,699,IND,7010,"Carboys, bottles, flasks, jars, pots, phials, ampoules, containers of glass of a kind used for the conveyance or packing of goods; preserving jars of glass; stoppers, lids and other closures of glass",kg,55400.0,17420.098
X,566,NGA,704,VNM,7010,"Carboys, bottles, flasks, jars, pots, phials, ampoules, containers of glass of a kind used for the conveyance or packing of goods; preserving jars of glass; stoppers, lids and other closures of glass",kg,14000.0,77669.408
X,566,NGA,710,ZAF,7010,"Carboys, bottles, flasks, jars, pots, phials, ampoules, containers of glass of a kind used for the conveyance or packing of goods; preserving jars of glass; stoppers, lids and other closures of glass",kg,97150.0,195989.169
X,566,NGA,724,ESP,7010,"Carboys, bottles, flasks, jars, pots, phials, ampoules, containers of glass of a kind used for the conveyance or packing of goods; preserving jars of glass; stoppers, lids and other closures of glass",kg,25000.0,2442.753
X,566,NGA,768,TGO,7010,"Carboys, bottles, flasks, jars, pots, phials, ampoules, containers of glass of a kind used for the conveyance or packing of goods; preserving jars of glass; stoppers, lids and other closures of glass",kg,31976.8,746379.712
X,566,NGA,784,ARE,7010,"Carboys, bottles, flasks, jars, pots, phials, ampoules, containers of glass of a kind used for the conveyance or packing of goods; preserving jars of glass; stoppers, lids and other closures of glass",kg,32000.0,115292.671
X,566,NGA,826,GBR,7010,"Carboys, bottles, flasks, jars, pots, phials, ampoules, containers of glass of a kind used for the conveyance or packing of goods; preserving jars of glass; stoppers, lids and other closures of glass",kg,105993.0,49999.55
X,566,NGA,842,USA,7010,"Carboys, bottles, flasks, jars, pots, phials, ampoules, containers of glass of a kind used for the conveyance or packing of goods; preserving jars of glass; stoppers, lids and other closures of glass",kg,368532.0,922503.869
X,566,NGA,0,W00,7016,"Glass; paving blocks, slabs, bricks, tiles etc, of pressed, moulded glass, whether or not wired, glass smallwares for decorative purposes leaded lights and the like; multicellular or foam glass",kg,73500.0,3981.102
X,566,NGA,604,PER,7016,"Glass; paving blocks, slabs, bricks, tiles etc, of pressed, moulded glass, whether or not wired, glass smallwares for decorative purposes leaded lights and the like; multicellular or foam glass",kg,73500.0,3981.102
X,566,NGA,0,W00,7204,Ferrous waste and scrap; remelting scrap ingots of iron or steel,kg,69000.0,35544.085
X,566,NGA,156,CHN,7204,Ferrous waste and scrap; remelting scrap ingots of iron or steel,kg,54000.0,12848.478
X,566,NGA,458,MYS,7204,Ferrous waste and scrap; remelting scrap ingots of iron or steel,kg,15000.0,22695.606
X,566,NGA,0,W00,7206,Iron and non-alloy steel in ingots or other primary forms (excluding iron of heading no. 7203),kg,981028.0,268811.539
X,566,NGA,410,KOR,7206,Iron and non-alloy steel in ingots or other primary forms (excluding iron of heading no. 7203),kg,50000.0,98295.931
X,566,NGA,458,MYS,7206,Iron and non-alloy steel in ingots or other primary forms (excluding iron of heading no. 7203),kg,126028.0,26020.248
X,566,NGA,704,VNM,7206,Iron and non-alloy steel in ingots or other primary forms (excluding iron of heading no. 7203),kg,805000.0,144495.36
X,566,NGA,0,W00,7210,"Iron or non-alloy steel; flat-rolled products, width 600mm or more, clad, plated or coated",kg,65000.0,83515.11
X,566,NGA,204,BEN,7210,"Iron or non-alloy steel; flat-rolled products, width 600mm or more, clad, plated or coated",kg,65000.0,83515.11
X,566,NGA,0,W00,7213,"Iron or non-alloy steel; bars and rods, hot-rolled, in irregularly wound coils",kg,4330860.0,3846815.441
X,566,NGA,120,CMR,7213,"Iron or non-alloy steel; bars and rods, hot-rolled, in irregularly wound coils",kg,17040.0,52271.31
X,566,NGA,204,BEN,7213,"Iron or non-alloy steel; bars and rods, hot-rolled, in irregularly wound coils",kg,4287020.0,3773080.482
X,566,NGA,288,GHA,7213,"Iron or non-alloy steel; bars and rods, hot-rolled, in irregularly wound coils",kg,26800.0,21463.648
X,566,NGA,0,W00,7214,"Iron or non-alloy steel; bars and rods, not further worked than forged, hot-rolled, hot drawn or hot-extruded, but including those twisted after rolling",kg,3729942.0,2564312.653
X,566,NGA,204,BEN,7214,"Iron or non-alloy steel; bars and rods, not further worked than forged, hot-rolled, hot drawn or hot-extruded, but including those twisted after rolling",kg,130000.0,134404.099
X,566,NGA,288,GHA,7214,"Iron or non-alloy steel; bars and rods, not further worked than forged, hot-rolled, hot drawn or hot-extruded, but including those twisted after rolling",kg,2999942.0,2047309.419
X,566,NGA,768,TGO,7214,"Iron or non-alloy steel; bars and rods, not further worked than forged, hot-rolled, hot drawn or hot-extruded, but including those twisted after rolling",kg,600000.0,382599.135
X,566,NGA,0,W00,7215,"Iron or non-alloy steel; bars and rods, n.e.c. in chapter 72",kg,5328000.0,2987522.6
X,566,NGA,204,BEN,7215,"Iron or non-alloy steel; bars and rods, n.e.c. in chapter 72",kg,5018000.0,2706795.11
X,566,NGA,768,TGO,7215,"Iron or non-alloy steel; bars and rods, n.e.c. in chapter 72",kg,310000.0,280727.491
X,566,NGA,0,W00,7216,"Iron or non-alloy steel, angles, shapes and sections",kg,1956456.885,1441076.37
X,566,NGA,204,BEN,7216,"Iron or non-alloy steel, angles, shapes and sections",kg,120000.0,109305.054
X,566,NGA,288,GHA,7216,"Iron or non-alloy steel, angles, shapes and sections",kg,1836456.885,1331771.316
X,566,NGA,0,W00,7218,Stainless steel in ingots or other primary forms; semi-finished products of stainless steel,kg,459680.0,837966.814
X,566,NGA,699,IND,7218,Stainless steel in ingots or other primary forms; semi-finished products of stainless steel,kg,388450.0,721856.97
X,566,NGA,724,ESP,7218,Stainless steel in ingots or other primary forms; semi-finished products of stainless steel,kg,71230.0,116109.844
X,566,NGA,0,W00,7224,"Alloy steel in ingots or other primary forms, semi-finished products of other alloy steel",kg,301000.0,429228.658
X,566,NGA,392,JPN,7224,"Alloy steel in ingots or other primary forms, semi-finished products of other alloy steel",kg,76000.0,107325.0
X,566,NGA,764,THA,7224,"Alloy steel in ingots or other primary forms, semi-finished products of other alloy steel",kg,225000.0,321903.658
X,566,NGA,0,W00,8001,Tin; unwrought,kg,194200.0,1102399.12
X,566,NGA,48,BHR,8001,Tin; unwrought,kg,14000.0,77771.226
X,566,NGA,56,BEL,8001,Tin; unwrought,kg,15880.0,107856.451
X,566,NGA,276,DEU,8001,Tin; unwrought,kg,15880.0,124806.911
X,566,NGA,528,NLD,8001,Tin; unwrought,kg,15880.0,124806.911
X,566,NGA,682,SAU,8001,Tin; unwrought,kg,14000.0,110371.194
X,566,NGA,784,ARE,8001,Tin; unwrought,kg,15880.0,23104.924
X,566,NGA,842,USA,8001,Tin; unwrought,kg,102680.0,533681.502
X,566,NGA,0,W00,8003,"Tin; bars, rods, profiles and wire",kg,127040.0,768866.618
X,566,NGA,704,VNM,8003,"Tin; bars, rods, profiles and wire",kg,63520.0,384433.309
X,566,NGA,842,USA,8003,"Tin; bars, rods, profiles and wire",kg,63520.0,384433.309
X,566,NGA,0,W00,8103,"Tantalum; articles thereof, including waste and scrap",kg,5000.0,100684.484
X,566,NGA,156,CHN,8103,"Tantalum; articles thereof, including waste and scrap",kg,5000.0,100684.484
X,566,NGA,0,W00,8104,"Magnesium; articles thereof, including waste and scrap",kg,85930.0,70859.007
X,566,NGA,792,TUR,8104,"Magnesium; articles thereof, including waste and scrap",kg,31600.0,14323.449
X,566,NGA,842,USA,8104,"Magnesium; articles thereof, including waste and scrap",kg,54330.0,56535.558
X,566,NGA,0,W00,8111,"Manganese; articles thereof, including waste and scrap",kg,4704000.0,949113.822
X,566,NGA,699,IND,8111,"Manganese; articles thereof, including waste and scrap",kg,374000.0,75585.154
X,566,NGA,702,SGP,8111,"Manganese; articles thereof, including waste and scrap",kg,4050000.0,817041.825
X,566,NGA,704,VNM,8111,"Manganese; articles thereof, including waste and scrap",kg,280000.0,56486.842
X,566,NGA,0,W00,8112,"Beryllium, chromium, germanium, vanadium, gallium, hafnium, indium, niobium (columbium), rhenium and thallium; and articles of these metals, including waste and scrap",N/A,0.0,45503.533
X,566,NGA,156,CHN,8112,"Beryllium, chromium, germanium, vanadium, gallium, hafnium, indium, niobium (columbium), rhenium and thallium; and articles of these metals, including waste and scrap",N/A,0.0,45503.533
X,566,NGA,0,W00,8414,"Air or vacuum pumps, air or other gas compressors and fans; ventilating or recycling hoods incorporating a fan whether or not fitted with filters",N/A,0.0,41476.267
X,566,NGA,826,GBR,8414,"Air or vacuum pumps, air or other gas compressors and fans; ventilating or recycling hoods incorporating a fan whether or not fitted with filters",N/A,0.0,41476.267
X,566,NGA,0,W00,8417,"Furnaces and ovens; industrial or laboratory, including incinerators, non-electric",N/A,0.0,191071.15
X,566,NGA,710,ZAF,8417,"Furnaces and ovens; industrial or laboratory, including incinerators, non-electric",N/A,0.0,191071.15
X,566,NGA,0,W00,8418,"Refrigerators, freezers and other refrigerating or freezing equipment, electric or other; heat pumps other than air conditioning machines of heading no. 8415",N/A,0.0,50359.74
X,566,NGA,56,BEL,8418,"Refrigerators, freezers and other refrigerating or freezing equipment, electric or other; heat pumps other than air conditioning machines of heading no. 8415",kg,21000.0,42365.132
X,566,NGA,276,DEU,8418,"Refrigerators, freezers and other refrigerating or freezing equipment, electric or other; heat pumps other than air conditioning machines of heading no. 8415",u,20.724,7994.609
X,566,NGA,0,W00,8419,"Machinery, plant (not domestic), or laboratory equipment; electrically heated or not, (excluding items in 85.14) for the treatment of materials by a process involving change of temperature; including instantaneous or non electric storage water heaters",u,372.218,269793.854
X,566,NGA,710,ZAF,8419,"Machinery, plant (not domestic), or laboratory equipment; electrically heated or not, (excluding items in 85.14) for the treatment of materials by a process involving change of temperature; including instantaneous or non electric storage water heaters",u,86.633,53662.46
X,566,NGA,818,EGY,8419,"Machinery, plant (not domestic), or laboratory equipment; electrically heated or not, (excluding items in 85.14) for the treatment of materials by a process involving change of temperature; including instantaneous or non electric storage water heaters",u,285.586,216131.394
X,566,NGA,0,W00,8421,"Centrifuges, including centrifugal dryers; filtering or purifying machinery and apparatus for liquids or gases",N/A,0.0,3467.384
X,566,NGA,784,ARE,8421,"Centrifuges, including centrifugal dryers; filtering or purifying machinery and apparatus for liquids or gases",N/A,0.0,3467.384
X,566,NGA,0,W00,8423,"Weighing machines; excluding balances of a sensitivity of 5cg or better, including weight operated counting or checking machines and weights of all kinds",u,1300.492,20428.129
X,566,NGA,204,BEN,8423,"Weighing machines; excluding balances of a sensitivity of 5cg or better, including weight operated counting or checking machines and weights of all kinds",u,1300.492,20428.129
X,566,NGA,0,W00,8424,"Mechanical appliances for projecting, dispersing or spraying liquids or powders; fire extinguishers, spray guns, steam, sand blasting machines",N/A,0.0,105785.806
X,566,NGA,792,TUR,8424,"Mechanical appliances for projecting, dispersing or spraying liquids or powders; fire extinguishers, spray guns, steam, sand blasting machines",N/A,0.0,105785.806
X,566,NGA,0,W00,8430,"Moving, grading, levelling, scraping, excavating, tamping, compacting, extracting or boring machinery, for earth, minerals, or ores; pile drivers and extractors; snow ploughs and snow blowers",N/A,0.0,1241870.159
X,566,NGA,156,CHN,8430,"Moving, grading, levelling, scraping, excavating, tamping, compacting, extracting or boring machinery, for earth, minerals, or ores; pile drivers and extractors; snow ploughs and snow blowers",N/A,0.0,1241870.159
X,566,NGA,0,W00,8432,"Agricultural, horticultural or forestry machinery for soil preparation or cultivation; lawn or sports-ground rollers",N/A,0.0,96970.378
X,566,NGA,324,GIN,8432,"Agricultural, horticultural or forestry machinery for soil preparation or cultivation; lawn or sports-ground rollers",u,2.113,28445.16
X,566,NGA,784,ARE,8432,"Agricultural, horticultural or forestry machinery for soil preparation or cultivation; lawn or sports-ground rollers",N/A,0.0,68525.218
X,566,NGA,0,W00,8436,"Agricultural, horticultural, forestry, poultry-keeping, bee-keeping machinery; including germination plant fitted with mechanical or thermal equipment; poultry incubators and brooders",N/A,0.0,8908.278
X,566,NGA,842,USA,8436,"Agricultural, horticultural, forestry, poultry-keeping, bee-keeping machinery; including germination plant fitted with mechanical or thermal equipment; poultry incubators and brooders",N/A,0.0,8908.278
X,566,NGA,0,W00,8438,"Machinery n.e.c. in this chapter, for the industrial preparation or manufacture of food or drink; other than machinery for extraction or preparation of animal or fixed vegetable fats or oils",N/A,0.0,91569.296
X,566,NGA,76,BRA,8438,"Machinery n.e.c. in this chapter, for the industrial preparation or manufacture of food or drink; other than machinery for extraction or preparation of animal or fixed vegetable fats or oils",N/A,0.0,91569.296
X,566,NGA,0,W00,8443,"Printing machinery; used for printing by means of plates, cylinders and other printing components of heading 84.42; other printers, copying machines and facsimile machines, whether or not combined; parts and accessories thereof",N/A,0.0,3806.957
X,566,NGA,430,LBR,8443,"Printing machinery; used for printing by means of plates, cylinders and other printing components of heading 84.42; other printers, copying machines and facsimile machines, whether or not combined; parts and accessories thereof",N/A,0.0,3806.957
X,566,NGA,0,W00,8450,Household or laundry-type washing machines; including machines which both wash and dry,u,9.457,2376.482
X,566,NGA,324,GIN,8450,Household or laundry-type washing machines; including machines which both wash and dry,u,9.457,2376.482
X,566,NGA,0,W00,8453,"Machinery for preparing, tanning or working hides, skins or leather or for making or repairing footwear or other articles of hides, skins or leather, other than sewing machines",u,0.644,9020.584
X,566,NGA,466,MLI,8453,"Machinery for preparing, tanning or working hides, skins or leather or for making or repairing footwear or other articles of hides, skins or leather, other than sewing machines",u,0.644,9020.584
X,566,NGA,0,W00,8454,"Converters, ladles, ingot moulds and casting machines; of a kind used metallurgy or in metal foundries",N/A,0.0,1040484.692
X,566,NGA,156,CHN,8454,"Converters, ladles, ingot moulds and casting machines; of a kind used metallurgy or in metal foundries",N/A,0.0,575153.225
X,566,NGA,699,IND,8454,"Converters, ladles, ingot moulds and casting machines; of a kind used metallurgy or in metal foundries",N/A,0.0,210027.441
X,566,NGA,764,THA,8454,"Converters, ladles, ingot moulds and casting machines; of a kind used metallurgy or in metal foundries",N/A,0.0,255304.025
X,566,NGA,0,W00,8455,Metal-rolling mills and rolls therefor,u,1.748,49080.236
X,566,NGA,699,IND,8455,Metal-rolling mills and rolls therefor,u,1.748,49080.236
X,566,NGA,0,W00,8471,"Automatic data processing machines and units thereof, magnetic or optical readers, machines for transcribing data onto data media in coded form and machines for processing such data, not elsewhere specified or included",N/A,0.0,39130252.384
X,566,NGA,288,GHA,8471,"Automatic data processing machines and units thereof, magnetic or optical readers, machines for transcribing data onto data media in coded form and machines for processing such data, not elsewhere specified or included",N/A,0.0,39130252.384
X,566,NGA,0,W00,8473,"Machinery; parts and accessories (not covers, carrying cases and the like) suitable for use solely or principally with machines of heading no. 8469 to 8472",kg,62320.9,250626.223
X,566,NGA,56,BEL,8473,"Machinery; parts and accessories (not covers, carrying cases and the like) suitable for use solely or principally with machines of heading no. 8469 to 8472",kg,62320.9,250626.223
X,566,NGA,0,W00,8477,"Machinery; for working rubber or plastics or for the manufacture of products from these materials, n.e.c. in this chapter",N/A,0.0,21308.173
X,566,NGA,12,DZA,8477,"Machinery; for working rubber or plastics or for the manufacture of products from these materials, n.e.c. in this chapter",N/A,0.0,4665.854
X,566,NGA,466,MLI,8477,"Machinery; for working rubber or plastics or for the manufacture of products from these materials, n.e.c. in this chapter",u,0.298,16642.319
X,566,NGA,0,W00,8480,"Moulding boxes for metal foundry, moulding patterns, moulds for metals (excluding ingot moulds), metal carbides, glass, mineral materials, rubber or plastics",kg,1095000.0,43113.783
X,566,NGA,288,GHA,8480,"Moulding boxes for metal foundry, moulding patterns, moulds for metals (excluding ingot moulds), metal carbides, glass, mineral materials, rubber or plastics",kg,1095000.0,43113.783
X,566,NGA,0,W00,8483,Transmission shafts (including cam and crank) and cranks; bearing housings and plain shaft bearings; gears and gearing; ball or roller screws; gear boxes and other speed changers; flywheels and pulleys; clutches and shaft couplings,N/A,0.0,141267.987
X,566,NGA,226,GNQ,8483,Transmission shafts (including cam and crank) and cranks; bearing housings and plain shaft bearings; gears and gearing; ball or roller screws; gear boxes and other speed changers; flywheels and pulleys; clutches and shaft couplings,N/A,0.0,141267.987
X,566,NGA,0,W00,8486,"Machines and apparatus of a kind used solely or principally for the manufacture of semiconductor boules or wafers, semiconductor devices, electronic integrated circuits or flat panel displays; machines and apparatus specified in note 9-C to this Chapter",kg,3384.0,12854.791
X,566,NGA,694,SLE,8486,"Machines and apparatus of a kind used solely or principally for the manufacture of semiconductor boules or wafers, semiconductor devices, electronic integrated circuits or flat panel displays; machines and apparatus specified in note 9-C to this Chapter",kg,3384.0,12854.791
X,566,NGA,0,W00,8487,"Machinery parts; not containing electrical connectors, insulators, coils, contacts or other electrical features, n.e.c. in this chapter",kg,19000.0,5058.081
X,566,NGA,724,ESP,8487,"Machinery parts; not containing electrical connectors, insulators, coils, contacts or other electrical features, n.e.c. in this chapter",kg,19000.0,5058.081
X,566,NGA,0,W00,8501,Electric motors and generators (excluding generating sets),N/A,0.0,68525.218
X,566,NGA,384,CIV,8501,Electric motors and generators (excluding generating sets),N/A,0.0,68525.218
X,566,NGA,0,W00,8502,Electric generating sets and rotary converters,u,17.982,562061.149
X,566,NGA,384,CIV,8502,Electric generating sets and rotary converters,u,8.235,440810.064
X,566,NGA,694,SLE,8502,Electric generating sets and rotary converters,u,9.747,121251.085
X,566,NGA,0,W00,8504,"Electric transformers, static converters (e.g. rectifiers) and inductors",N/A,0.0,10411.142
X,566,NGA,899,_X ,8504,"Electric transformers, static converters (e.g. rectifiers) and inductors",N/A,0.0,10411.142
X,566,NGA,0,W00,8516,"Electric water, space, soil heaters; electro-thermic hair-dressing apparatus; hand dryers, irons; electro-thermic appliances for domestic purposes; electro heating resistors, not of heading no. 8545",u,3.828,761.391
X,566,NGA,204,BEN,8516,"Electric water, space, soil heaters; electro-thermic hair-dressing apparatus; hand dryers, irons; electro-thermic appliances for domestic purposes; electro heating resistors, not of heading no. 8545",u,3.828,761.391
X,566,NGA,0,W00,8517,"Telephone sets, including telephones for cellular networks or for other wireless networks; other apparatus for the transmission or reception of voice, images or other data (including wired/wireless networks), excluding items of 8443, 8525, 8527, or 8528",N/A,0.0,1095713.744
X,566,NGA,516,NAM,8517,"Telephone sets, including telephones for cellular networks or for other wireless networks; other apparatus for the transmission or reception of voice, images or other data (including wired/wireless networks), excluding items of 8443, 8525, 8527, or 8528",N/A,0.0,1095713.744
X,566,NGA,0,W00,8521,Video recording or reproducing apparatus,N/A,0.0,4539.121
X,566,NGA,458,MYS,8521,Video recording or reproducing apparatus,N/A,0.0,4539.121
X,566,NGA,0,W00,8527,"Reception apparatus for radio-broadcasting, whether or not combined, in the same housing, with sound recording or reproducing apparatus or a clock.",N/A,0.0,152790.351
X,566,NGA,251,FRA,8527,"Reception apparatus for radio-broadcasting, whether or not combined, in the same housing, with sound recording or reproducing apparatus or a clock.",N/A,0.0,152790.351
X,566,NGA,0,W00,8534,Circuits; printed,kg,10700.0,107029.729
X,566,NGA,251,FRA,8534,Circuits; printed,kg,10700.0,107029.729
X,566,NGA,0,W00,8536,"Electrical apparatus for switching, protecting electrical circuits, for making connections to or in electrical circuits, for a voltage not exceeding 1000 volts; connectors for optical fibres, optical fibre bundles or cables",kg,6474.0,276928.11
X,566,NGA,579,NOR,8536,"Electrical apparatus for switching, protecting electrical circuits, for making connections to or in electrical circuits, for a voltage not exceeding 1000 volts; connectors for optical fibres, optical fibre bundles or cables",kg,6474.0,276928.11
X,566,NGA,0,W00,8542,Electronic integrated circuits,N/A,0.0,101710.69
X,566,NGA,251,FRA,8542,Electronic integrated circuits,kg,6333.5,35137.085
X,566,NGA,276,DEU,8542,Electronic integrated circuits,N/A,0.0,28444.986
X,566,NGA,704,VNM,8542,Electronic integrated circuits,N/A,0.0,38128.619
X,566,NGA,0,W00,8544,"Insulated wire, cable and other electric conductors, connector fitted or not; optical fibre cables of individually sheathed fibres, whether or not assembled with electric conductors or fitted with connectors",kg,16000.5,30216.456
X,566,NGA,204,BEN,8544,"Insulated wire, cable and other electric conductors, connector fitted or not; optical fibre cables of individually sheathed fibres, whether or not assembled with electric conductors or fitted with connectors",kg,1000.0,1008.694
X,566,NGA,699,IND,8544,"Insulated wire, cable and other electric conductors, connector fitted or not; optical fibre cables of individually sheathed fibres, whether or not assembled with electric conductors or fitted with connectors",kg,15000.5,29207.763
X,566,NGA,0,W00,8548,"Waste and scrap of primary cells, primary batteries and electric accumulators; spent primary cells, spent primary batteries and spent electric accumulators; electrical parts of machinery or apparatus, n.e.c. or included elsewhere in chapter 85",kg,1200886.0,2965878.8
X,566,NGA,56,BEL,8548,"Waste and scrap of primary cells, primary batteries and electric accumulators; spent primary cells, spent primary batteries and spent electric accumulators; electrical parts of machinery or apparatus, n.e.c. or included elsewhere in chapter 85",kg,128216.0,1087318.542
X,566,NGA,203,CZE,8548,"Waste and scrap of primary cells, primary batteries and electric accumulators; spent primary cells, spent primary batteries and spent electric accumulators; electrical parts of machinery or apparatus, n.e.c. or included elsewhere in chapter 85",kg,100000.0,1008693.611
X,566,NGA,276,DEU,8548,"Waste and scrap of primary cells, primary batteries and electric accumulators; spent primary cells, spent primary batteries and spent electric accumulators; electrical parts of machinery or apparatus, n.e.c. or included elsewhere in chapter 85",kg,12000.0,6052.162
X,566,NGA,699,IND,8548,"Waste and scrap of primary cells, primary batteries and electric accumulators; spent primary cells, spent primary batteries and spent electric accumulators; electrical parts of machinery or apparatus, n.e.c. or included elsewhere in chapter 85",kg,934670.0,851441.876
X,566,NGA,792,TUR,8548,"Waste and scrap of primary cells, primary batteries and electric accumulators; spent primary cells, spent primary batteries and spent electric accumulators; electrical parts of machinery or apparatus, n.e.c. or included elsewhere in chapter 85",kg,26000.0,12372.609
X,566,NGA,0,W00,8708,"Motor vehicles; parts and accessories, of heading no. 8701 to 8705",kg,122662300.0,51391702.989
X,566,NGA,56,BEL,8708,"Motor vehicles; parts and accessories, of heading no. 8701 to 8705",kg,122512100.0,50247330.345
X,566,NGA,276,DEU,8708,"Motor vehicles; parts and accessories, of heading no. 8701 to 8705",kg,30200.0,411608.444
X,566,NGA,380,ITA,8708,"Motor vehicles; parts and accessories, of heading no. 8701 to 8705",kg,120000.0,732764.2
X,566,NGA,0,W00,8710,"Tanks and other armoured fighting vehicles; motorised, whether or not fitted with weapons, and parts of such vehicles",N/A,0.0,3426260.915
X,566,NGA,148,TCD,8710,"Tanks and other armoured fighting vehicles; motorised, whether or not fitted with weapons, and parts of such vehicles",N/A,0.0,3426260.915
X,566,NGA,0,W00,9015,"Surveying (including photogrammetrical surveying), hydrographic, oceanographic, hydrological, meteorological or geophysical instruments and appliances, excluding compasses, rangefinders",N/A,0.0,1780580.368
X,566,NGA,826,GBR,9015,"Surveying (including photogrammetrical surveying), hydrographic, oceanographic, hydrological, meteorological or geophysical instruments and appliances, excluding compasses, rangefinders",N/A,0.0,1780580.368
X,566,NGA,0,W00,9018,"Instruments and appliances used in medical, surgical, dental or veterinary sciences, including scintigraphic apparatus, other electro-medical apparatus and sight testing instruments",N/A,0.0,9410.077
X,566,NGA,156,CHN,9018,"Instruments and appliances used in medical, surgical, dental or veterinary sciences, including scintigraphic apparatus, other electro-medical apparatus and sight testing instruments",N/A,0.0,9410.077
X,566,NGA,0,W00,9030,"Instruments, apparatus for measuring, checking electrical quantities not meters of heading no. 9028; instruments, apparatus for measuring or detecting alpha, beta, gamma, x-ray, cosmic and other radiations",N/A,0.0,29609.414
X,566,NGA,251,FRA,9030,"Instruments, apparatus for measuring, checking electrical quantities not meters of heading no. 9028; instruments, apparatus for measuring or detecting alpha, beta, gamma, x-ray, cosmic and other radiations",kg,50.0,22215.075
X,566,NGA,528,NLD,9030,"Instruments, apparatus for measuring, checking electrical quantities not meters of heading no. 9028; instruments, apparatus for measuring or detecting alpha, beta, gamma, x-ray, cosmic and other radiations",N/A,0.0,1513.04
X,566,NGA,710,ZAF,9030,"Instruments, apparatus for measuring, checking electrical quantities not meters of heading no. 9028; instruments, apparatus for measuring or detecting alpha, beta, gamma, x-ray, cosmic and other radiations",N/A,0.0,2855.217
X,566,NGA,826,GBR,9030,"Instruments, apparatus for measuring, checking electrical quantities not meters of heading no. 9028; instruments, apparatus for measuring or detecting alpha, beta, gamma, x-ray, cosmic and other radiations",N/A,0.0,3026.081
X,566,NGA,0,W00,9101,"Wrist-watches, pocket-watches, stop-watches and other watches; with case of precious metal or of metal clad with precious metal",N/A,0.0,812421.633
X,566,NGA,204,BEN,9101,"Wrist-watches, pocket-watches, stop-watches and other watches; with case of precious metal or of metal clad with precious metal",N/A,0.0,2017.387
X,566,NGA,251,FRA,9101,"Wrist-watches, pocket-watches, stop-watches and other watches; with case of precious metal or of metal clad with precious metal",N/A,0.0,8993.935
X,566,NGA,528,NLD,9101,"Wrist-watches, pocket-watches, stop-watches and other watches; with case of precious metal or of metal clad with precious metal",N/A,0.0,23983.826
X,566,NGA,682,SAU,9101,"Wrist-watches, pocket-watches, stop-watches and other watches; with case of precious metal or of metal clad with precious metal",N/A,0.0,16239.967
X,566,NGA,699,IND,9101,"Wrist-watches, pocket-watches, stop-watches and other watches; with case of precious metal or of metal clad with precious metal",N/A,0.0,15760.8
X,566,NGA,704,VNM,9101,"Wrist-watches, pocket-watches, stop-watches and other watches; with case of precious metal or of metal clad with precious metal",N/A,0.0,53823.891
X,566,NGA,710,ZAF,9101,"Wrist-watches, pocket-watches, stop-watches and other watches; with case of precious metal or of metal clad with precious metal",u,3.931,64413.705
X,566,NGA,724,ESP,9101,"Wrist-watches, pocket-watches, stop-watches and other watches; with case of precious metal or of metal clad with precious metal",N/A,0.0,24150.714
X,566,NGA,729,SDN,9101,"Wrist-watches, pocket-watches, stop-watches and other watches; with case of precious metal or of metal clad with precious metal",N/A,0.0,480262.952
X,566,NGA,784,ARE,9101,"Wrist-watches, pocket-watches, stop-watches and other watches; with case of precious metal or of metal clad with precious metal",N/A,0.0,22973.079
X,566,NGA,804,UKR,9101,"Wrist-watches, pocket-watches, stop-watches and other watches; with case of precious metal or of metal clad with precious metal",N/A,0.0,39515.572
X,566,NGA,842,USA,9101,"Wrist-watches, pocket-watches, stop-watches and other watches; with case of precious metal or of metal clad with precious metal",N/A,0.0,60285.804
X,566,NGA,0,W00,9103,"Clocks; with watch movements, excluding clocks of heading no. 9104",N/A,0.0,44130.345
X,566,NGA,504,MAR,9103,"Clocks; with watch movements, excluding clocks of heading no. 9104",N/A,0.0,44130.345
